Timestamp,Gruppe nummer,Opgave nummer,Type,Hvordan klaret de sig,hvor mange ekstra points skal de have ,Hvordan klaret de sig p√• hovedeopgave,Hvor mange ekstra points skal de have
9/7/2024 15:15:04,25,1,Points og Ekstra Points,,,godt,lidt
9/7/2024 15:16:40,8,2,Points og Ekstra Points,,,Meget godt,Rigtig mange
9/7/2024 15:17:44,25,2,Kun points (hovedeopgave),ok,,,
9/7/2024 15:20:39,12,1,Kun points (hovedeopgave),Meget godt,,,
9/7/2024 15:21:10,29,2,Points og Ekstra Points,,,meh,en sjat
9/7/2024 15:21:36,25,4,Points og Ekstra Points,,,godt,Rigtig mange
9/7/2024 15:21:53,12,2,Points og Ekstra Points,,,Meget godt,mange
9/7/2024 15:22:02,43,21,Points og Ekstra Points,,,Meget godt,en god maengde
9/7/2024 15:24:23,12,3,Kun points (hovedeopgave),Godt,,,
9/7/2024 15:25:05,43,20,Points og Ekstra Points,,,Meget godt,Rigtig mange
9/7/2024 15:26:20,25,10,Points og Ekstra Points,,,Meget godt,Rigtig mange
9/7/2024 15:26:34,26,13,Points og Ekstra Points,,,Meget godt,mange
9/7/2024 15:27:08,26,20,Points og Ekstra Points,,,Meget godt,Rigtig mange
9/7/2024 15:27:15,15,16,Points og Ekstra Points,,,godt,mange
9/7/2024 15:27:30,26,3,Kun points (hovedeopgave),Meget godt,,,
9/7/2024 15:27:53,26,2,Points og Ekstra Points,,,Meget godt,Rigtig mange
9/7/2024 15:28:18,26,1,Kun points (hovedeopgave),Meget godt,,,
9/7/2024 15:28:38,15,10,Kun points (hovedeopgave),ok,,,
9/7/2024 15:29:01,16,16,Points og Ekstra Points,,,ok,en sjat
9/7/2024 15:29:05,26,24,Points og Ekstra Points,,,godt,mange
9/7/2024 15:29:20,43,26,Points og Ekstra Points,,,godt,lidt
9/7/2024 15:29:25,15,21,Kun points (hovedeopgave),meh,,,
9/7/2024 15:29:52,25,25,Points og Ekstra Points,,,godt,en god maengde
9/7/2024 15:29:57,25,23,Points og Ekstra Points,,,Meget godt,en god maengde
9/7/2024 15:30:25,37,5,Points og Ekstra Points,,,Meget godt,Rigtig mange
9/7/2024 15:30:27,25,19,Points og Ekstra Points,,,Meget godt,en sjat
9/7/2024 15:30:33,8,1,Kun points (hovedeopgave),Meget godt,,,
9/7/2024 15:31:11,8,3,Kun points (hovedeopgave),Godt,,,
9/7/2024 15:31:20,37,1,Points og Ekstra Points,,,Meget godt,Rigtig mange
9/7/2024 15:31:52,37,2,Points og Ekstra Points,,,Meget godt,Rigtig mange
9/7/2024 15:31:55,8,9,Points og Ekstra Points,,,godt,mange
9/7/2024 15:32:20,37,3,Points og Ekstra Points,,,Meget godt,Rigtig mange
9/7/2024 15:32:48,8,12,Kun points (hovedeopgave),Meget godt,,,
9/7/2024 15:33:11,37,4,Points og Ekstra Points,,,Meget godt,Rigtig mange
9/7/2024 15:33:19,13,3,Kun points (hovedeopgave),Godt,,,
9/7/2024 15:33:19,25,21,Points og Ekstra Points,,,Meget godt,en god maengde
9/7/2024 15:33:34,8,4,Points og Ekstra Points,,,Meget godt,mange
9/7/2024 15:33:45,13,13,Points og Ekstra Points,,,Meget godt,en god maengde
9/7/2024 15:34:04,17,28,Points og Ekstra Points,,,Meget godt,Rigtig mange
9/7/2024 15:34:24,13,30,Points og Ekstra Points,,,Meget godt,Rigtig mange
9/7/2024 15:35:22,25,15,Points og Ekstra Points,,,Meget godt,Rigtig mange
9/7/2024 15:36:02,8,28,Points og Ekstra Points,,,Meget godt,Rigtig mange
9/7/2024 15:36:28,21,19,Points og Ekstra Points,,,ok,en sjat
9/7/2024 15:36:50,25,16,Points og Ekstra Points,,,godt,en god maengde
9/7/2024 15:36:53,21,2,Points og Ekstra Points,,,godt,mange
9/7/2024 15:36:56,11,2,Points og Ekstra Points,,,meh,en sjat
9/7/2024 15:37:27,11,3,Kun points (hovedeopgave),Meget godt,,,
9/7/2024 15:37:31,21,16,Points og Ekstra Points,,,Meget godt,Rigtig mange
9/7/2024 15:37:51,37,6,Points og Ekstra Points,,,Meget godt,Rigtig mange
9/7/2024 15:37:58,3,2,Kun points (hovedeopgave),ok,,,
9/7/2024 15:38:02,21,23,Points og Ekstra Points,,,godt,en god maengde
9/7/2024 15:38:14,11,11,Points og Ekstra Points,,,ok,en sjat
9/7/2024 15:38:19,3,9,Points og Ekstra Points,,,godt,en god maengde
9/7/2024 15:38:25,8,26,Points og Ekstra Points,,,Meget godt,Rigtig mange
9/7/2024 15:38:41,21,4,Points og Ekstra Points,,,ok,Rigtig mange
9/7/2024 15:38:42,3,16,Points og Ekstra Points,,,godt,en sjat
9/7/2024 15:38:44,11,13,Points og Ekstra Points,,,Meget godt,Rigtig mange
9/7/2024 15:38:48,28,1,Points og Ekstra Points,,,Meget godt,Rigtig mange
9/7/2024 15:39:07,21,13,Points og Ekstra Points,,,Meget godt,Rigtig mange
9/7/2024 15:39:08,3,20,Points og Ekstra Points,,,ok,en sjat
9/7/2024 15:39:10,27,28,Points og Ekstra Points,,,ok,en god maengde
9/7/2024 15:39:13,27,5,Points og Ekstra Points,,,Meget godt,Rigtig mange
9/7/2024 15:39:16,11,15,Points og Ekstra Points,,,Meget godt,Rigtig mange
9/7/2024 15:39:21,28,2,Points og Ekstra Points,,,godt,mange
9/7/2024 15:39:34,3,30,Points og Ekstra Points,,,Meget godt,en god maengde
9/7/2024 15:39:38,11,16,Points og Ekstra Points,,,godt,en sjat
9/7/2024 15:39:49,28,3,Kun points (hovedeopgave),Meget godt,,,
9/7/2024 15:40:23,28,4,Points og Ekstra Points,,,Meget godt,Rigtig mange
9/7/2024 15:40:38,11,26,Points og Ekstra Points,,,Meget godt,Rigtig mange
9/7/2024 15:41:16,11,4,Kun points (hovedeopgave),ok,,,
9/7/2024 15:41:39,17,17,Points og Ekstra Points,,,godt,en god maengde
9/7/2024 15:41:50,28,5,Points og Ekstra Points,,,Meget godt,Rigtig mange
9/7/2024 15:42:10,17,2,Points og Ekstra Points,,,Meget godt,Rigtig mange
9/7/2024 15:42:17,2,4,Points og Ekstra Points,,,Meget godt,Rigtig mange
9/7/2024 15:42:58,17,23,Kun points (hovedeopgave),Godt,,,
9/7/2024 15:42:59,2,25,Points og Ekstra Points,,,Meget godt,mange
9/7/2024 15:43:14,28,19,Kun points (hovedeopgave),meh,,,
9/7/2024 15:43:33,2,21,Points og Ekstra Points,,,Meget godt,Rigtig mange
9/7/2024 15:44:00,17,17,Points og Ekstra Points,,,Meget godt,Rigtig mange
9/7/2024 15:44:07,26,14,Points og Ekstra Points,,,Meget godt,Rigtig mange
9/7/2024 15:44:13,2,19,Points og Ekstra Points,,,ok,en sjat
9/7/2024 15:44:20,17,9,Points og Ekstra Points,,,Meget godt,Rigtig mange
9/7/2024 15:44:39,26,4,Points og Ekstra Points,,,Meget godt,Rigtig mange
9/7/2024 15:44:49,2,16,Points og Ekstra Points,,,Meget godt,Rigtig mange
9/7/2024 15:45:03,26,15,Points og Ekstra Points,,,Meget godt,Rigtig mange
9/7/2024 15:45:05,2,9,Points og Ekstra Points,,,Meget godt,Rigtig mange
9/7/2024 15:45:05,17,26,Points og Ekstra Points,,,godt,mange
9/7/2024 15:45:29,26,15,Points og Ekstra Points,,,Meget godt,Rigtig mange
9/7/2024 15:45:30,2,20,Points og Ekstra Points,,,godt,mange
9/7/2024 15:45:44,43,28,Points og Ekstra Points,,,Meget godt,Rigtig mange
9/7/2024 15:45:48,26,9,Points og Ekstra Points,,,Meget godt,Rigtig mange
9/7/2024 15:45:52,25,9,Points og Ekstra Points,,,Meget godt,Rigtig mange
9/7/2024 15:46:02,2,18,Points og Ekstra Points,,,ok,mange
9/7/2024 15:46:09,25,20,Points og Ekstra Points,,,Meget godt,en god maengde
9/7/2024 15:46:10,18,1,Points og Ekstra Points,,,Meget godt,Rigtig mange
9/7/2024 15:46:51,2,8,Points og Ekstra Points,,,Meget godt,Rigtig mange
9/7/2024 15:46:51,13,4,Kun ekstra points,,en god maengde,,
9/7/2024 15:47:02,25,29,Points og Ekstra Points,,,Meget godt,en god maengde
9/7/2024 15:47:04,18,30,Kun ekstra points,,en god maengde,,
9/7/2024 15:47:16,2,2,Points og Ekstra Points,,,godt,mange
9/7/2024 15:47:31,25,27,Points og Ekstra Points,,,Meget godt,Rigtig mange
9/7/2024 15:47:47,13,20,Kun ekstra points,,en god maengde,,
9/7/2024 15:48:01,26,16,Points og Ekstra Points,,,Meget godt,Rigtig mange
9/7/2024 15:48:13,25,5,Points og Ekstra Points,,,Meget godt,mange
9/7/2024 15:48:15,13,2,Kun ekstra points,,en god maengde,,
9/7/2024 15:48:35,36,1,Points og Ekstra Points,,,Meget godt,Rigtig mange
9/7/2024 15:48:37,19,28,Points og Ekstra Points,,,godt,en god maengde
9/7/2024 15:48:50,25,22,Points og Ekstra Points,,,godt,en sjat
9/7/2024 15:48:53,36,2,Points og Ekstra Points,,,Meget godt,Rigtig mange
9/7/2024 15:49:20,18,2,Points og Ekstra Points,,,Meget godt,mange
9/7/2024 15:49:59,36,6,Points og Ekstra Points,,,Meget godt,Rigtig mange
9/7/2024 15:50:02,18,3,Kun points (hovedeopgave),Godt,,,
9/7/2024 15:50:04,26,11,Points og Ekstra Points,,,Meget godt,Rigtig mange
9/7/2024 15:50:11,25,26,Points og Ekstra Points,,,Meget godt,Rigtig mange
9/7/2024 15:50:51,40,23,Points og Ekstra Points,,,meh,en sjat
9/7/2024 15:51:28,40,3,Points og Ekstra Points,,,godt,mange
9/7/2024 15:51:30,36,8,Points og Ekstra Points,,,Meget godt,Rigtig mange
9/7/2024 15:51:48,36,17,Points og Ekstra Points,,,Meget godt,Rigtig mange
9/7/2024 15:51:49,18,4,Points og Ekstra Points,,,godt,en sjat
9/7/2024 15:52:18,40,4,Kun points (hovedeopgave),Meget godt,,,
9/7/2024 15:52:29,36,20,Points og Ekstra Points,,,Meget godt,Rigtig mange
9/7/2024 15:52:36,18,6,Points og Ekstra Points,,,Meget godt,Rigtig mange
9/7/2024 15:52:43,40,2,Points og Ekstra Points,,,ok,en god maengde
9/7/2024 15:52:49,36,21,Points og Ekstra Points,,,Meget godt,Rigtig mange
9/7/2024 15:53:09,36,22,Points og Ekstra Points,,,Meget godt,Rigtig mange
9/7/2024 15:53:20,40,9,Points og Ekstra Points,,,Meget godt,Rigtig mange
9/7/2024 15:53:30,36,23,Points og Ekstra Points,,,Meget godt,Rigtig mange
9/7/2024 15:53:52,36,24,Points og Ekstra Points,,,Meget godt,Rigtig mange
9/7/2024 15:53:58,40,20,Points og Ekstra Points,,,godt,mange
9/7/2024 15:54:03,18,11,Points og Ekstra Points,,,ok,mange
9/7/2024 15:54:13,36,25,Points og Ekstra Points,,,Meget godt,Rigtig mange
9/7/2024 15:54:16,25,28,Points og Ekstra Points,,,Meget godt,Rigtig mange
9/7/2024 15:54:27,40,1,Points og Ekstra Points,,,godt,en sjat
9/7/2024 15:54:31,36,26,Points og Ekstra Points,,,Meget godt,Rigtig mange
9/7/2024 15:54:36,18,7,Kun points (hovedeopgave),Meget godt,,,
9/7/2024 15:54:52,3,18,Points og Ekstra Points,,,godt,en god maengde
9/7/2024 15:54:56,36,27,Points og Ekstra Points,,,Meget godt,Rigtig mange
9/7/2024 15:55:01,40,10,Points og Ekstra Points,,,Meget godt,Rigtig mange
9/7/2024 15:55:06,29,10,Points og Ekstra Points,,,Meget godt,Rigtig mange
9/7/2024 15:55:13,36,28,Points og Ekstra Points,,,Meget godt,Rigtig mange
9/7/2024 15:55:25,29,20,Points og Ekstra Points,,,Meget godt,en god maengde
9/7/2024 15:55:26,3,14,Points og Ekstra Points,,,Meget godt,Rigtig mange
9/7/2024 15:55:33,36,28,Points og Ekstra Points,,,Meget godt,Rigtig mange
9/7/2024 15:55:41,36,28,Points og Ekstra Points,,,Meget godt,Rigtig mange
9/7/2024 15:55:41,29,9,Points og Ekstra Points,,,godt,en god maengde
9/7/2024 15:55:49,36,29,Points og Ekstra Points,,,Meget godt,Rigtig mange
9/7/2024 15:55:56,25,30,Points og Ekstra Points,,,ok,mange
9/7/2024 15:55:57,40,14,Points og Ekstra Points,,,godt,en god maengde
9/7/2024 15:56:04,29,1,Points og Ekstra Points,,,godt,mange
9/7/2024 15:56:15,3,24,Points og Ekstra Points,,,Meget godt,Rigtig mange
9/7/2024 15:56:33,36,15,Points og Ekstra Points,,,Meget godt,Rigtig mange
9/7/2024 15:56:47,18,29,Points og Ekstra Points,,,godt,mange
9/7/2024 15:56:56,29,22,Points og Ekstra Points,,,Meget godt,Rigtig mange
9/7/2024 15:57:00,31,28,Points og Ekstra Points,,,Meget godt,Rigtig mange
9/7/2024 15:57:04,37,7,Points og Ekstra Points,,,Meget godt,en god maengde
9/7/2024 15:57:16,36,12,Points og Ekstra Points,,,Meget godt,Rigtig mange
9/7/2024 15:57:23,29,23,Points og Ekstra Points,,,Meget godt,Rigtig mange
9/7/2024 15:57:30,3,25,Points og Ekstra Points,,,ok,lidt
9/7/2024 15:57:31,37,9,Points og Ekstra Points,,,Meget godt,Rigtig mange
9/7/2024 15:57:31,31,2,Points og Ekstra Points,,,Meget godt,Rigtig mange
9/7/2024 15:57:41,29,13,Points og Ekstra Points,,,ok,en god maengde
9/7/2024 15:57:43,28,9,Points og Ekstra Points,,,Meget godt,en sjat
9/7/2024 15:57:58,36,19,Points og Ekstra Points,,,Meget godt,Rigtig mange
9/7/2024 15:58:02,35,23,Kun points (hovedeopgave),Godt,,,
9/7/2024 15:58:17,29,11,Points og Ekstra Points,,,godt,en god maengde
9/7/2024 15:58:25,28,20,Points og Ekstra Points,,,godt,en sjat
9/7/2024 15:58:25,31,3,Kun points (hovedeopgave),Meget godt,,,
9/7/2024 15:58:29,29,25,Points og Ekstra Points,,,Meget godt,Rigtig mange
9/7/2024 15:58:39,37,12,Points og Ekstra Points,,,Meget godt,Rigtig mange
9/7/2024 15:59:03,28,16,Points og Ekstra Points,,,godt,en god maengde
9/7/2024 15:59:05,31,14,Kun points (hovedeopgave),Meget godt,,,
9/7/2024 15:59:17,8,14,Points og Ekstra Points,,,Meget godt,Rigtig mange
9/7/2024 15:59:22,27,1,Points og Ekstra Points,,,godt,mange
9/7/2024 15:59:23,35,24,Points og Ekstra Points,,,godt,en god maengde
9/7/2024 15:59:33,37,14,Points og Ekstra Points,,,Meget godt,Rigtig mange
9/7/2024 15:59:39,25,17,Points og Ekstra Points,,,Meget godt,Rigtig mange
9/7/2024 15:59:39,28,10,Points og Ekstra Points,,,Meget godt,mange
9/7/2024 15:59:49,8,20,Points og Ekstra Points,,,Meget godt,Rigtig mange
9/7/2024 15:59:50,27,2,Points og Ekstra Points,,,godt,en god maengde
9/7/2024 16:00:01,31,20,Points og Ekstra Points,,,Meget godt,Rigtig mange
9/7/2024 16:00:12,21,28,Points og Ekstra Points,,,Meget godt,Rigtig mange
9/7/2024 16:00:13,35,16,Points og Ekstra Points,,,godt,mange
9/7/2024 16:00:15,8,10,Points og Ekstra Points,,,Meget godt,Rigtig mange
9/7/2024 16:00:26,37,16,Points og Ekstra Points,,,Meget godt,Rigtig mange
9/7/2024 16:00:29,27,3,Kun points (hovedeopgave),Meget godt,,,
9/7/2024 16:00:34,31,23,Points og Ekstra Points,,,Meget godt,Rigtig mange
9/7/2024 16:00:45,4,2,Points og Ekstra Points,,,Meget godt,Rigtig mange
9/7/2024 16:00:47,35,2,Points og Ekstra Points,,,godt,en god maengde
9/7/2024 16:00:52,27,4,Points og Ekstra Points,,,Meget godt,Rigtig mange
9/7/2024 16:00:53,40,7,Points og Ekstra Points,,,Meget godt,Rigtig mange
9/7/2024 16:00:58,7,28,Points og Ekstra Points,,,Meget godt,Rigtig mange
9/7/2024 16:01:12,37,18,Points og Ekstra Points,,,Meget godt,Rigtig mange
9/7/2024 16:01:13,21,25,Points og Ekstra Points,,,Meget godt,Rigtig mange
9/7/2024 16:01:14,8,27,Points og Ekstra Points,,,Meget godt,Rigtig mange
9/7/2024 16:01:22,4,14,Kun points (hovedeopgave),Meget godt,,,
9/7/2024 16:01:30,3,28,Points og Ekstra Points,,,Meget godt,en god maengde
9/7/2024 16:01:31,31,22,Points og Ekstra Points,,,Meget godt,Rigtig mange
9/7/2024 16:01:36,40,11,Points og Ekstra Points,,,Meget godt,Rigtig mange
9/7/2024 16:01:42,35,20,Points og Ekstra Points,,,godt,Rigtig mange
9/7/2024 16:01:43,27,16,Points og Ekstra Points,,,godt,mange
9/7/2024 16:01:44,4,10,Points og Ekstra Points,,,Meget godt,Rigtig mange
9/7/2024 16:01:51,37,20,Points og Ekstra Points,,,Meget godt,Rigtig mange
9/7/2024 16:01:53,25,24,Points og Ekstra Points,,,Meget godt,Rigtig mange
9/7/2024 16:01:57,21,1,Points og Ekstra Points,,,Meget godt,en god maengde
9/7/2024 16:02:00,8,24,Points og Ekstra Points,,,Meget godt,Rigtig mange
9/7/2024 16:02:02,4,20,Points og Ekstra Points,,,Meget godt,mange
9/7/2024 16:02:04,31,11,Points og Ekstra Points,,,ok,en god maengde
9/7/2024 16:02:11,27,9,Points og Ekstra Points,,,godt,en god maengde
9/7/2024 16:02:14,40,13,Points og Ekstra Points,,,Meget godt,Rigtig mange
9/7/2024 16:02:19,4,24,Points og Ekstra Points,,,godt,mange
9/7/2024 16:02:20,21,21,Points og Ekstra Points,,,Meget godt,Rigtig mange
9/7/2024 16:02:27,8,21,Points og Ekstra Points,,,Meget godt,Rigtig mange
9/7/2024 16:02:38,4,26,Points og Ekstra Points,,,Meget godt,Rigtig mange
9/7/2024 16:02:53,21,27,Kun points (hovedeopgave),Meget godt,,,
9/7/2024 16:02:55,40,13,Points og Ekstra Points,,,godt,mange
9/7/2024 16:02:56,27,5,Points og Ekstra Points,,,Meget godt,Rigtig mange
9/7/2024 16:02:56,4,9,Points og Ekstra Points,,,Meget godt,Rigtig mange
9/7/2024 16:02:57,31,4,Points og Ekstra Points,,,Meget godt,Rigtig mange
9/7/2024 16:03:03,25,7,Points og Ekstra Points,,,Meget godt,Rigtig mange
9/7/2024 16:03:04,9,1,Kun points (hovedeopgave),Meget godt,,,
9/7/2024 16:03:09,35,19,Points og Ekstra Points,,,Meget godt,Rigtig mange
9/7/2024 16:03:15,4,1,Points og Ekstra Points,,,godt,mange
9/7/2024 16:03:18,40,28,Points og Ekstra Points,,,Meget godt,Rigtig mange
9/7/2024 16:03:21,21,20,Points og Ekstra Points,,,Meget godt,Rigtig mange
9/7/2024 16:03:33,4,3,Kun points (hovedeopgave),Meget godt,,,
9/7/2024 16:03:35,9,2,Points og Ekstra Points,,,Meget godt,mange
9/7/2024 16:03:39,39,2,Points og Ekstra Points,,,Meget godt,Rigtig mange
9/7/2024 16:03:43,27,28,Kun points (hovedeopgave),Meget godt,,,
9/7/2024 16:03:44,25,11,Points og Ekstra Points,,,Meget godt,Rigtig mange
9/7/2024 16:03:46,4,18,Points og Ekstra Points,,,Meget godt,mange
9/7/2024 16:03:48,26,26,Points og Ekstra Points,,,Meget godt,mange
9/7/2024 16:04:02,31,30,Points og Ekstra Points,,,Meget godt,Rigtig mange
9/7/2024 16:04:02,26,5,Points og Ekstra Points,,,Meget godt,Rigtig mange
9/7/2024 16:04:02,35,7,Points og Ekstra Points,,,godt,mange
9/7/2024 16:04:03,4,13,Points og Ekstra Points,,,godt,en god maengde
9/7/2024 16:04:05,27,15,Points og Ekstra Points,,,Meget godt,Rigtig mange
9/7/2024 16:04:10,21,18,Points og Ekstra Points,,,Meget godt,Rigtig mange
9/7/2024 16:04:21,40,15,Points og Ekstra Points,,,Meget godt,Rigtig mange
9/7/2024 16:04:28,31,26,Points og Ekstra Points,,,Meget godt,Rigtig mange
9/7/2024 16:04:29,4,7,Points og Ekstra Points,,,Meget godt,Rigtig mange
9/7/2024 16:04:39,39,17,Points og Ekstra Points,,,Meget godt,Rigtig mange
9/7/2024 16:04:47,4,25,Kun points (hovedeopgave),ok,,,
9/7/2024 16:04:48,9,13,Kun points (hovedeopgave),Godt,,,
9/7/2024 16:04:49,27,10,Points og Ekstra Points,,,godt,en sjat
9/7/2024 16:04:58,26,21,Points og Ekstra Points,,,Meget godt,Rigtig mange
9/7/2024 16:05:30,9,3,Kun points (hovedeopgave),Meget godt,,,
9/7/2024 16:05:30,26,10,Points og Ekstra Points,,,Meget godt,mange
9/7/2024 16:05:31,39,20,Points og Ekstra Points,,,Meget godt,Rigtig mange
9/7/2024 16:05:37,27,7,Kun points (hovedeopgave),ok,,,
9/7/2024 16:05:42,43,9,Points og Ekstra Points,,,Meget godt,Rigtig mange
9/7/2024 16:05:57,9,4,Points og Ekstra Points,,,Meget godt,mange
9/7/2024 16:06:07,39,9,Points og Ekstra Points,,,Meget godt,Rigtig mange
9/7/2024 16:06:14,5,28,Points og Ekstra Points,,,ok,en god maengde
9/7/2024 16:06:21,28,28,Points og Ekstra Points,,,Meget godt,Rigtig mange
9/7/2024 16:06:35,27,24,Kun points (hovedeopgave),Godt,,,
9/7/2024 16:06:40,43,1,Kun points (hovedeopgave),Meget godt,,,
9/7/2024 16:06:44,9,7,Points og Ekstra Points,,,Meget godt,mange
9/7/2024 16:06:53,5,2,Points og Ekstra Points,,,Meget godt,Rigtig mange
9/7/2024 16:07:06,39,10,Points og Ekstra Points,,,Meget godt,Rigtig mange
9/7/2024 16:07:08,38,7,Points og Ekstra Points,,,godt,en god maengde
9/7/2024 16:07:11,4,22,Points og Ekstra Points,,,Meget godt,en god maengde
9/7/2024 16:07:27,5,3,Kun points (hovedeopgave),ok,,,
9/7/2024 16:07:29,27,30,Points og Ekstra Points,,,Meget godt,Rigtig mange
9/7/2024 16:07:31,12,28,Points og Ekstra Points,,,Meget godt,Rigtig mange
9/7/2024 16:07:40,43,27,Points og Ekstra Points,,,Meget godt,Rigtig mange
9/7/2024 16:07:43,9,10,Kun points (hovedeopgave),ok,,,
9/7/2024 16:07:46,39,4,Points og Ekstra Points,,,Meget godt,Rigtig mange
9/7/2024 16:07:48,26,28,Points og Ekstra Points,,,Meget godt,Rigtig mange
9/7/2024 16:07:52,5,20,Points og Ekstra Points,,,Meget godt,mange
9/7/2024 16:07:57,27,20,Points og Ekstra Points,,,godt,en god maengde
9/7/2024 16:08:11,9,11,Kun points (hovedeopgave),meh,,,
9/7/2024 16:08:14,25,14,Points og Ekstra Points,,,Meget godt,Rigtig mange
9/7/2024 16:08:21,12,4,Points og Ekstra Points,,,Meget godt,mange
9/7/2024 16:08:24,18,9,Points og Ekstra Points,,,ok,en god maengde
9/7/2024 16:08:28,5,4,Points og Ekstra Points,,,Meget godt,Rigtig mange
9/7/2024 16:08:30,13,1,Kun ekstra points,,en god maengde,,
9/7/2024 16:08:34,9,14,Points og Ekstra Points,,,godt,lidt
9/7/2024 16:08:34,38,26,Points og Ekstra Points,,,godt,mange
9/7/2024 16:08:44,18,15,Kun points (hovedeopgave),ok,,,
9/7/2024 16:08:50,27,21,Kun points (hovedeopgave),Godt,,,
9/7/2024 16:09:10,18,25,Points og Ekstra Points,,,ok,en sjat
9/7/2024 16:09:10,12,6,Points og Ekstra Points,,,godt,mange
9/7/2024 16:09:14,5,14,Points og Ekstra Points,,,Meget godt,en god maengde
9/7/2024 16:09:22,39,27,Points og Ekstra Points,,,Meget godt,Rigtig mange
9/7/2024 16:09:23,13,13,Kun ekstra points,,mange,,
9/7/2024 16:09:30,27,19,Points og Ekstra Points,,,Meget godt,Rigtig mange
9/7/2024 16:09:34,9,15,Points og Ekstra Points,,,ok,lidt
9/7/2024 16:09:35,25,18,Points og Ekstra Points,,,Meget godt,Rigtig mange
9/7/2024 16:09:40,24,28,Points og Ekstra Points,,,Meget godt,Rigtig mange
9/7/2024 16:09:41,5,24,Points og Ekstra Points,,,Meget godt,Rigtig mange
9/7/2024 16:09:56,13,9,Kun ekstra points,,Rigtig mange,,
9/7/2024 16:10:00,12,10,Points og Ekstra Points,,,godt,mange
9/7/2024 16:10:02,5,23,Points og Ekstra Points,,,Meget godt,Rigtig mange
9/7/2024 16:10:04,9,16,Points og Ekstra Points,,,godt,lidt
9/7/2024 16:10:23,9,20,Points og Ekstra Points,,,godt,en god maengde
9/7/2024 16:10:28,5,19,Points og Ekstra Points,,,godt,en god maengde
9/7/2024 16:10:30,2,28,Points og Ekstra Points,,,Meget godt,Rigtig mange
9/7/2024 16:10:33,27,27,Points og Ekstra Points,,,Meget godt,Rigtig mange
9/7/2024 16:10:33,12,11,Points og Ekstra Points,,,Meget godt,Rigtig mange
9/7/2024 16:10:42,11,8,Points og Ekstra Points,,,Meget godt,Rigtig mange
9/7/2024 16:10:48,5,13,Points og Ekstra Points,,,Meget godt,Rigtig mange
9/7/2024 16:10:58,39,14,Points og Ekstra Points,,,Meget godt,en god maengde
9/7/2024 16:11:03,13,27,Kun points (hovedeopgave),Meget godt,,,
9/7/2024 16:11:06,12,14,Points og Ekstra Points,,,godt,Rigtig mange
9/7/2024 16:11:06,27,13,Points og Ekstra Points,,,Meget godt,Rigtig mange
9/7/2024 16:11:17,11,9,Points og Ekstra Points,,,godt,mange
9/7/2024 16:11:18,9,27,Points og Ekstra Points,,,ok,lidt
9/7/2024 16:11:19,5,10,Points og Ekstra Points,,,Meget godt,Rigtig mange
9/7/2024 16:11:35,13,23,Kun ekstra points,,Rigtig mange,,
9/7/2024 16:11:35,39,16,Points og Ekstra Points,,,Meget godt,Rigtig mange
9/7/2024 16:11:39,5,22,Kun points (hovedeopgave),Meget godt,,,
9/7/2024 16:11:43,2,5,Points og Ekstra Points,,,godt,Rigtig mange
9/7/2024 16:11:54,42,2,Points og Ekstra Points,,,Meget godt,Rigtig mange
9/7/2024 16:11:59,5,9,Points og Ekstra Points,,,Meget godt,Rigtig mange
9/7/2024 16:12:01,12,16,Points og Ekstra Points,,,Meget godt,mange
9/7/2024 16:12:05,9,29,Points og Ekstra Points,,,godt,en god maengde
9/7/2024 16:12:10,11,14,Points og Ekstra Points,,,ok,en god maengde
9/7/2024 16:12:13,42,7,Points og Ekstra Points,,,Meget godt,Rigtig mange
9/7/2024 16:12:21,30,1,Points og Ekstra Points,,,godt,en god maengde
9/7/2024 16:12:26,2,15,Points og Ekstra Points,,,Meget godt,Rigtig mange
9/7/2024 16:12:29,13,16,Kun ekstra points,,Rigtig mange,,
9/7/2024 16:12:34,5,26,Points og Ekstra Points,,,Meget godt,Rigtig mange
9/7/2024 16:12:36,42,20,Points og Ekstra Points,,,Meget godt,Rigtig mange
9/7/2024 16:12:41,12,9,Points og Ekstra Points,,,godt,en sjat
9/7/2024 16:12:46,27,2,Kun points (hovedeopgave),Godt,,,
9/7/2024 16:12:51,13,28,Kun ekstra points,,Rigtig mange,,
9/7/2024 16:12:59,5,25,Points og Ekstra Points,,,Meget godt,Rigtig mange
9/7/2024 16:13:05,42,29,Points og Ekstra Points,,,Meget godt,Rigtig mange
9/7/2024 16:13:09,2,22,Kun points (hovedeopgave),Meget godt,,,
9/7/2024 16:13:13,30,3,Kun points (hovedeopgave),ok,,,
9/7/2024 16:13:16,11,20,Points og Ekstra Points,,,godt,Rigtig mange
9/7/2024 16:13:18,5,21,Points og Ekstra Points,,,Meget godt,Rigtig mange
9/7/2024 16:13:21,13,26,Points og Ekstra Points,,,Meget godt,Rigtig mange
9/7/2024 16:13:25,12,24,Points og Ekstra Points,,,godt,en sjat
9/7/2024 16:13:29,42,27,Points og Ekstra Points,,,Meget godt,Rigtig mange
9/7/2024 16:13:30,30,4,Kun points (hovedeopgave),Meget godt,,,
9/7/2024 16:13:37,2,7,Points og Ekstra Points,,,godt,en god maengde
9/7/2024 16:13:44,42,26,Points og Ekstra Points,,,Meget godt,Rigtig mange
9/7/2024 16:13:55,5,30,Points og Ekstra Points,,,Meget godt,mange
9/7/2024 16:13:58,2,11,Points og Ekstra Points,,,Meget godt,Rigtig mange
9/7/2024 16:14:00,30,6,Kun points (hovedeopgave),ok,,,
9/7/2024 16:14:08,11,27,Points og Ekstra Points,,,godt,en god maengde
9/7/2024 16:14:18,5,29,Points og Ekstra Points,,,Meget godt,en god maengde
9/7/2024 16:14:18,42,24,Points og Ekstra Points,,,Meget godt,Rigtig mange
9/7/2024 16:14:22,12,27,Points og Ekstra Points,,,Meget godt,Rigtig mange
9/7/2024 16:14:27,13,25,Points og Ekstra Points,,,Meget godt,mange
9/7/2024 16:14:35,30,8,Points og Ekstra Points,,,godt,en god maengde
9/7/2024 16:14:41,2,13,Points og Ekstra Points,,,godt,Rigtig mange
9/7/2024 16:14:43,42,23,Points og Ekstra Points,,,Meget godt,Rigtig mange
9/7/2024 16:14:49,5,18,Points og Ekstra Points,,,Meget godt,Rigtig mange
9/7/2024 16:14:57,18,10,Points og Ekstra Points,,,Meget godt,en god maengde
9/7/2024 16:15:00,12,20,Points og Ekstra Points,,,godt,mange
9/7/2024 16:15:05,2,12,Kun points (hovedeopgave),Meget godt,,,
9/7/2024 16:15:11,11,23,Points og Ekstra Points,,,godt,en god maengde
9/7/2024 16:15:18,5,1,Kun points (hovedeopgave),Meget godt,,,
9/7/2024 16:15:21,25,13,Points og Ekstra Points,,,Meget godt,Rigtig mange
9/7/2024 16:15:21,9,18,Points og Ekstra Points,,,Meget godt,en god maengde
9/7/2024 16:15:24,18,13,Points og Ekstra Points,,,godt,en god maengde
9/7/2024 16:15:25,42,3,Points og Ekstra Points,,,Meget godt,Rigtig mange
9/7/2024 16:15:29,30,5,Points og Ekstra Points,,,godt,Rigtig mange
9/7/2024 16:15:33,2,14,Points og Ekstra Points,,,Meget godt,Rigtig mange
9/7/2024 16:15:38,5,7,Points og Ekstra Points,,,Meget godt,Rigtig mange
9/7/2024 16:15:46,25,3,Points og Ekstra Points,,,Meget godt,Rigtig mange
9/7/2024 16:15:48,24,2,Points og Ekstra Points,,,Meget godt,mange
9/7/2024 16:15:49,30,9,Kun points (hovedeopgave),ok,,,
9/7/2024 16:15:50,40,19,Points og Ekstra Points,,,godt,en sjat
9/7/2024 16:16:00,11,25,Points og Ekstra Points,,,godt,mange
9/7/2024 16:16:07,5,11,Points og Ekstra Points,,,Meget godt,en god maengde
9/7/2024 16:16:09,24,20,Points og Ekstra Points,,,Meget godt,mange
9/7/2024 16:16:11,12,22,Points og Ekstra Points,,,godt,Rigtig mange
9/7/2024 16:16:15,3,9,Kun points (hovedeopgave),ok,,,
9/7/2024 16:16:21,42,22,Points og Ekstra Points,,,Meget godt,Rigtig mange
9/7/2024 16:16:21,5,16,Points og Ekstra Points,,,Meget godt,mange
9/7/2024 16:16:29,2,10,Points og Ekstra Points,,,Meget godt,Rigtig mange
9/7/2024 16:16:30,40,22,Points og Ekstra Points,,,ok,en god maengde
9/7/2024 16:16:32,11,28,Points og Ekstra Points,,,godt,en god maengde
9/7/2024 16:16:35,24,6,Points og Ekstra Points,,,godt,mange
9/7/2024 16:16:43,5,15,Points og Ekstra Points,,,Meget godt,Rigtig mange
9/7/2024 16:16:48,30,11,Points og Ekstra Points,,,ok,en sjat
9/7/2024 16:16:48,24,26,Points og Ekstra Points,,,Meget godt,Rigtig mange
9/7/2024 16:16:50,12,18,Points og Ekstra Points,,,godt,mange
9/7/2024 16:16:53,42,18,Points og Ekstra Points,,,Meget godt,Rigtig mange
9/7/2024 16:17:03,24,9,Points og Ekstra Points,,,Meget godt,en god maengde
9/7/2024 16:17:09,2,6,Points og Ekstra Points,,,Meget godt,en sjat
9/7/2024 16:17:16,30,12,Kun points (hovedeopgave),Meget godt,,,
9/7/2024 16:17:17,24,21,Points og Ekstra Points,,,Meget godt,Rigtig mange
9/7/2024 16:17:34,24,10,Points og Ekstra Points,,,Meget godt,Rigtig mange
9/7/2024 16:17:38,30,14,Kun points (hovedeopgave),Godt,,,
9/7/2024 16:17:50,40,24,Kun ekstra points,,mange,,
9/7/2024 16:17:53,42,6,Points og Ekstra Points,,,Meget godt,mange
9/7/2024 16:17:59,19,28,Points og Ekstra Points,,,Meget godt,Rigtig mange
9/7/2024 16:18:06,24,27,Points og Ekstra Points,,,godt,en god maengde
9/7/2024 16:18:09,30,15,Points og Ekstra Points,,,Meget godt,Rigtig mange
9/7/2024 16:18:20,12,5,Points og Ekstra Points,,,Meget godt,Rigtig mange
9/7/2024 16:18:22,36,3,Points og Ekstra Points,,,meh,lidt
9/7/2024 16:18:23,24,15,Points og Ekstra Points,,,Meget godt,Rigtig mange
9/7/2024 16:18:27,30,16,Points og Ekstra Points,,,godt,en god maengde
9/7/2024 16:18:32,42,16,Points og Ekstra Points,,,Meget godt,Rigtig mange
9/7/2024 16:18:41,25,8,Points og Ekstra Points,,,Meget godt,Rigtig mange
9/7/2024 16:18:43,28,30,Points og Ekstra Points,,,godt,en god maengde
9/7/2024 16:18:48,36,4,Points og Ekstra Points,,,meh,lidt
9/7/2024 16:18:50,2,24,Points og Ekstra Points,,,Meget godt,mange
9/7/2024 16:18:52,12,15,Points og Ekstra Points,,,Meget godt,en sjat
9/7/2024 16:18:53,24,14,Points og Ekstra Points,,,ok,mange
9/7/2024 16:19:08,36,5,Points og Ekstra Points,,,meh,lidt
9/7/2024 16:19:11,43,30,Points og Ekstra Points,,,godt,lidt
9/7/2024 16:19:15,42,11,Points og Ekstra Points,,,Meget godt,Rigtig mange
9/7/2024 16:19:17,40,26,Kun points (hovedeopgave),Godt,,,
9/7/2024 16:19:17,18,18,Points og Ekstra Points,,,godt,Rigtig mange
9/7/2024 16:19:19,24,16,Points og Ekstra Points,,,godt,mange
9/7/2024 16:19:22,2,29,Points og Ekstra Points,,,godt,Rigtig mange
9/7/2024 16:19:31,17,17,Points og Ekstra Points,,,Meget godt,Rigtig mange
9/7/2024 16:19:37,36,7,Points og Ekstra Points,,,meh,lidt
9/7/2024 16:19:38,29,12,Kun points (hovedeopgave),Meget godt,,,
9/7/2024 16:19:40,30,17,Points og Ekstra Points,,,godt,Rigtig mange
9/7/2024 16:19:45,43,11,Points og Ekstra Points,,,meh,lidt
9/7/2024 16:19:46,18,24,Points og Ekstra Points,,,godt,en god maengde
9/7/2024 16:19:49,17,4,Points og Ekstra Points,,,Meget godt,Rigtig mange
9/7/2024 16:19:50,12,8,Points og Ekstra Points,,,godt,en god maengde
9/7/2024 16:19:59,24,30,Points og Ekstra Points,,,godt,mange
9/7/2024 16:20:01,42,19,Points og Ekstra Points,,,godt,mange
9/7/2024 16:20:07,30,18,Points og Ekstra Points,,,Meget godt,Rigtig mange
9/7/2024 16:20:09,36,9,Points og Ekstra Points,,,meh,lidt
9/7/2024 16:20:16,24,18,Points og Ekstra Points,,,Meget godt,Rigtig mange
9/7/2024 16:20:16,18,20,Points og Ekstra Points,,,ok,en god maengde
9/7/2024 16:20:17,28,14,Points og Ekstra Points,,,Meget godt,en god maengde
9/7/2024 16:20:24,29,16,Points og Ekstra Points,,,Meget godt,Rigtig mange
9/7/2024 16:20:24,36,10,Points og Ekstra Points,,,meh,mange
9/7/2024 16:20:24,17,10,Points og Ekstra Points,,,Meget godt,Rigtig mange
9/7/2024 16:20:29,30,19,Points og Ekstra Points,,,Meget godt,en god maengde
9/7/2024 16:20:35,24,1,Points og Ekstra Points,,,Meget godt,en sjat
9/7/2024 16:20:35,31,6,Points og Ekstra Points,,,Meget godt,Rigtig mange
9/7/2024 16:20:37,17,11,Points og Ekstra Points,,,Meget godt,Rigtig mange
9/7/2024 16:20:44,36,11,Points og Ekstra Points,,,Meget godt,Rigtig mange
9/7/2024 16:20:51,25,1,Points og Ekstra Points,,,Meget godt,Rigtig mange
9/7/2024 16:20:51,24,24,Points og Ekstra Points,,,godt,en god maengde
9/7/2024 16:20:52,19,2,Points og Ekstra Points,,,Meget godt,Rigtig mange
9/7/2024 16:20:56,30,20,Points og Ekstra Points,,,Meget godt,Rigtig mange
9/7/2024 16:20:56,17,13,Points og Ekstra Points,,,Meget godt,Rigtig mange
9/7/2024 16:20:57,29,7,Points og Ekstra Points,,,Meget godt,Rigtig mange
9/7/2024 16:21:07,36,13,Points og Ekstra Points,,,Meget godt,Rigtig mange
9/7/2024 16:21:08,31,9,Points og Ekstra Points,,,godt,mange
9/7/2024 16:21:09,13,24,Kun points (hovedeopgave),Meget godt,,,
9/7/2024 16:21:10,24,25,Points og Ekstra Points,,,godt,en sjat
9/7/2024 16:21:22,19,4,Points og Ekstra Points,,,Meget godt,Rigtig mange
9/7/2024 16:21:24,30,23,Points og Ekstra Points,,,godt,en god maengde
9/7/2024 16:21:26,28,15,Points og Ekstra Points,,,Meget godt,en god maengde
9/7/2024 16:21:26,42,15,Points og Ekstra Points,,,Meget godt,Rigtig mange
9/7/2024 16:21:31,29,14,Points og Ekstra Points,,,Meget godt,Rigtig mange
9/7/2024 16:21:32,17,15,Points og Ekstra Points,,,Meget godt,Rigtig mange
9/7/2024 16:21:34,36,14,Points og Ekstra Points,,,Meget godt,Rigtig mange
9/7/2024 16:21:35,13,10,Kun points (hovedeopgave),Meget godt,,,
9/7/2024 16:21:44,31,12,Kun points (hovedeopgave),Godt,,,
9/7/2024 16:21:55,25,29,Points og Ekstra Points,,,godt,mange
9/7/2024 16:21:55,36,16,Points og Ekstra Points,,,Meget godt,Rigtig mange
9/7/2024 16:21:56,30,24,Points og Ekstra Points,,,Meget godt,mange
9/7/2024 16:21:57,17,18,Points og Ekstra Points,,,Meget godt,Rigtig mange
9/7/2024 16:21:59,7,16,Points og Ekstra Points,,,ok,en god maengde
9/7/2024 16:22:11,19,5,Points og Ekstra Points,,,Meget godt,en god maengde
9/7/2024 16:22:12,29,3,Kun points (hovedeopgave),Meget godt,,,
9/7/2024 16:22:13,17,22,Points og Ekstra Points,,,Meget godt,Rigtig mange
9/7/2024 16:22:15,6,14,Points og Ekstra Points,,,Meget godt,Rigtig mange
9/7/2024 16:22:15,31,13,Points og Ekstra Points,,,godt,mange
9/7/2024 16:22:16,36,18,Points og Ekstra Points,,,Meget godt,Rigtig mange
9/7/2024 16:22:21,13,8,Points og Ekstra Points,,,Meget godt,Rigtig mange
9/7/2024 16:22:24,24,7,Points og Ekstra Points,,,Meget godt,Rigtig mange
9/7/2024 16:22:30,25,6,Points og Ekstra Points,,,Meget godt,Rigtig mange
9/7/2024 16:22:35,18,24,Points og Ekstra Points,,,Meget godt,Rigtig mange
9/7/2024 16:22:37,30,25,Points og Ekstra Points,,,Meget godt,mange
9/7/2024 16:22:37,6,2,Points og Ekstra Points,,,Meget godt,Rigtig mange
9/7/2024 16:22:40,29,24,Points og Ekstra Points,,,Meget godt,Rigtig mange
9/7/2024 16:22:52,36,30,Points og Ekstra Points,,,Meget godt,Rigtig mange
9/7/2024 16:22:53,31,27,Points og Ekstra Points,,,Meget godt,Rigtig mange
9/7/2024 16:22:54,19,6,Points og Ekstra Points,,,Meget godt,Rigtig mange
9/7/2024 16:23:03,7,17,Kun points (hovedeopgave),ok,,,
9/7/2024 16:23:04,30,21,Points og Ekstra Points,,,Meget godt,Rigtig mange
9/7/2024 16:23:09,6,15,Points og Ekstra Points,,,Meget godt,Rigtig mange
9/7/2024 16:23:19,27,21,Points og Ekstra Points,,,godt,en sjat
9/7/2024 16:23:19,31,21,Kun points (hovedeopgave),ok,,,
9/7/2024 16:23:25,19,7,Points og Ekstra Points,,,Meget godt,mange
9/7/2024 16:23:31,25,12,Kun points (hovedeopgave),Meget godt,,,
9/7/2024 16:23:32,7,30,Points og Ekstra Points,,,Meget godt,Rigtig mange
9/7/2024 16:23:35,30,27,Points og Ekstra Points,,,Meget godt,Rigtig mange
9/7/2024 16:23:44,6,26,Points og Ekstra Points,,,Meget godt,Rigtig mange
9/7/2024 16:23:48,29,5,Points og Ekstra Points,,,Meget godt,Rigtig mange
9/7/2024 16:23:53,8,16,Points og Ekstra Points,,,Meget godt,mange
9/7/2024 16:23:55,31,15,Points og Ekstra Points,,,godt,en god maengde
9/7/2024 16:24:07,19,8,Points og Ekstra Points,,,Meget godt,Rigtig mange
9/7/2024 16:24:11,26,6,Points og Ekstra Points,,,Meget godt,Rigtig mange
9/7/2024 16:24:16,7,24,Kun points (hovedeopgave),Godt,,,
9/7/2024 16:24:18,29,28,Kun points (hovedeopgave),Godt,,,
9/7/2024 16:24:23,6,6,Points og Ekstra Points,,,Meget godt,Rigtig mange
9/7/2024 16:24:24,30,29,Points og Ekstra Points,,,godt,mange
9/7/2024 16:24:27,13,18,Points og Ekstra Points,,,Meget godt,en sjat
9/7/2024 16:24:33,12,26,Points og Ekstra Points,,,ok,mange
9/7/2024 16:24:33,19,9,Points og Ekstra Points,,,Meget godt,Rigtig mange
9/7/2024 16:24:37,31,16,Kun points (hovedeopgave),Meget godt,,,
9/7/2024 16:24:41,5,17,Points og Ekstra Points,,,godt,en sjat
9/7/2024 16:24:42,7,20,Points og Ekstra Points,,,godt,mange
9/7/2024 16:24:50,8,11,Points og Ekstra Points,,,Meget godt,Rigtig mange
9/7/2024 16:24:59,12,1,Points og Ekstra Points,,,Meget godt,en sjat
9/7/2024 16:25:04,19,10,Points og Ekstra Points,,,Meget godt,Rigtig mange
9/7/2024 16:25:05,40,5,Points og Ekstra Points,,,Meget godt,Rigtig mange
9/7/2024 16:25:11,10,28,Points og Ekstra Points,,,Meget godt,en god maengde
9/7/2024 16:25:13,30,7,Points og Ekstra Points,,,godt,en god maengde
9/7/2024 16:25:21,7,1,Points og Ekstra Points,,,godt,mange
9/7/2024 16:25:23,6,20,Kun points (hovedeopgave),Meget godt,,,
9/7/2024 16:25:24,8,22,Points og Ekstra Points,,,Meget godt,mange
9/7/2024 16:25:25,9,22,Points og Ekstra Points,,,godt,en god maengde
9/7/2024 16:25:28,12,13,Points og Ekstra Points,,,godt,en sjat
9/7/2024 16:25:29,26,7,Points og Ekstra Points,,,Meget godt,Rigtig mange
9/7/2024 16:25:34,30,13,Points og Ekstra Points,,,Meget godt,Rigtig mange
9/7/2024 16:25:35,5,27,Points og Ekstra Points,,,Meget godt,mange
9/7/2024 16:25:36,6,20,Kun ekstra points,,Rigtig mange,,
9/7/2024 16:25:38,9,21,Points og Ekstra Points,,,Meget godt,Rigtig mange
9/7/2024 16:25:42,19,12,Kun points (hovedeopgave),Meget godt,,,
9/7/2024 16:25:45,7,2,Points og Ekstra Points,,,ok,en god maengde
9/7/2024 16:25:54,40,29,Points og Ekstra Points,,,godt,en sjat
9/7/2024 16:25:56,10,1,Points og Ekstra Points,,,Meget godt,Rigtig mange
9/7/2024 16:25:56,8,1,Kun ekstra points,,Rigtig mange,,
9/7/2024 16:25:58,9,28,Points og Ekstra Points,,,Meget godt,Rigtig mange
9/7/2024 16:26:02,5,8,Points og Ekstra Points,,,Meget godt,en god maengde
9/7/2024 16:26:04,6,11,Kun points (hovedeopgave),Meget godt,,,
9/7/2024 16:26:14,7,3,Kun points (hovedeopgave),ok,,,
9/7/2024 16:26:15,10,2,Points og Ekstra Points,,,Meget godt,Rigtig mange
9/7/2024 16:26:18,12,19,Points og Ekstra Points,,,godt,en sjat
9/7/2024 16:26:23,11,24,Points og Ekstra Points,,,Meget godt,Rigtig mange
9/7/2024 16:26:25,6,9,Points og Ekstra Points,,,Meget godt,Rigtig mange
9/7/2024 16:26:26,5,12,Kun points (hovedeopgave),Meget godt,,,
9/7/2024 16:26:27,19,14,Points og Ekstra Points,,,Meget godt,Rigtig mange
9/7/2024 16:26:29,10,3,Points og Ekstra Points,,,Meget godt,mange
9/7/2024 16:26:34,13,15,Points og Ekstra Points,,,godt,mange
9/7/2024 16:26:36,8,5,Points og Ekstra Points,,,Meget godt,Rigtig mange
9/7/2024 16:26:37,26,27,Points og Ekstra Points,,,Meget godt,Rigtig mange
9/7/2024 16:26:38,7,4,Points og Ekstra Points,,,godt,Rigtig mange
9/7/2024 16:26:42,18,14,Points og Ekstra Points,,,godt,lidt
9/7/2024 16:26:52,12,21,Kun points (hovedeopgave),ok,,,
9/7/2024 16:26:55,10,4,Points og Ekstra Points,,,Meget godt,mange
9/7/2024 16:26:55,6,19,Points og Ekstra Points,,,Meget godt,mange
9/7/2024 16:26:56,19,15,Points og Ekstra Points,,,Meget godt,Rigtig mange
9/7/2024 16:27:04,28,18,Points og Ekstra Points,,,godt,en god maengde
9/7/2024 16:27:06,18,21,Kun points (hovedeopgave),meh,,,
9/7/2024 16:27:10,11,10,Kun points (hovedeopgave),Godt,,,
9/7/2024 16:27:18,31,18,Points og Ekstra Points,,,godt,mange
9/7/2024 16:27:19,10,5,Points og Ekstra Points,,,Meget godt,Rigtig mange
9/7/2024 16:27:20,8,19,Points og Ekstra Points,,,Meget godt,mange
9/7/2024 16:27:21,6,18,Points og Ekstra Points,,,Meget godt,Rigtig mange
9/7/2024 16:27:21,19,16,Points og Ekstra Points,,,Meget godt,Rigtig mange
9/7/2024 16:27:27,28,24,Points og Ekstra Points,,,godt,en god maengde
9/7/2024 16:27:29,7,5,Points og Ekstra Points,,,godt,en god maengde
9/7/2024 16:27:41,11,5,Kun points (hovedeopgave),ok,,,
9/7/2024 16:27:44,31,10,Points og Ekstra Points,,,ok,en sjat
9/7/2024 16:27:46,10,6,Points og Ekstra Points,,,Meget godt,Rigtig mange
9/7/2024 16:27:49,6,3,Points og Ekstra Points,,,Meget godt,Rigtig mange
9/7/2024 16:27:51,4,28,Points og Ekstra Points,,,Meget godt,en god maengde
9/7/2024 16:28:04,8,23,Points og Ekstra Points,,,Meget godt,Rigtig mange
9/7/2024 16:28:10,6,16,Points og Ekstra Points,,,Meget godt,Rigtig mange
9/7/2024 16:28:11,10,7,Points og Ekstra Points,,,Meget godt,Rigtig mange
9/7/2024 16:28:19,4,19,Points og Ekstra Points,,,Meget godt,en sjat
9/7/2024 16:28:20,26,18,Points og Ekstra Points,,,Meget godt,Rigtig mange
9/7/2024 16:28:21,19,17,Points og Ekstra Points,,,Meget godt,en sjat
9/7/2024 16:28:29,7,7,Points og Ekstra Points,,,godt,mange
9/7/2024 16:28:30,10,8,Points og Ekstra Points,,,Meget godt,Rigtig mange
9/7/2024 16:28:34,4,16,Points og Ekstra Points,,,Meget godt,Rigtig mange
9/7/2024 16:28:42,5,5,Points og Ekstra Points,,,Meget godt,Rigtig mange
9/7/2024 16:28:46,10,9,Points og Ekstra Points,,,godt,Rigtig mange
9/7/2024 16:28:48,43,29,Points og Ekstra Points,,,Meget godt,mange
9/7/2024 16:28:51,19,20,Points og Ekstra Points,,,Meget godt,Rigtig mange
9/7/2024 16:28:58,17,27,Points og Ekstra Points,,,Meget godt,Rigtig mange
9/7/2024 16:29:00,6,25,Points og Ekstra Points,,,godt,Rigtig mange
9/7/2024 16:29:00,4,27,Kun points (hovedeopgave),Meget godt,,,
9/7/2024 16:29:01,2,17,Points og Ekstra Points,,,Meget godt,Rigtig mange
9/7/2024 16:29:02,10,10,Points og Ekstra Points,,,Meget godt,Rigtig mange
9/7/2024 16:29:03,13,12,Points og Ekstra Points,,,godt,lidt
9/7/2024 16:29:15,4,21,Kun points (hovedeopgave),Godt,,,
9/7/2024 16:29:17,7,6,Kun points (hovedeopgave),ok,,,
9/7/2024 16:29:23,17,20,Points og Ekstra Points,,,Meget godt,Rigtig mange
9/7/2024 16:29:23,13,17,Points og Ekstra Points,,,ok,en god maengde
9/7/2024 16:29:24,10,11,Points og Ekstra Points,,,Meget godt,Rigtig mange
9/7/2024 16:29:28,4,4,Points og Ekstra Points,,,godt,mange
9/7/2024 16:29:28,19,21,Points og Ekstra Points,,,Meget godt,en god maengde
9/7/2024 16:29:29,6,23,Points og Ekstra Points,,,Meget godt,Rigtig mange
9/7/2024 16:29:30,2,27,Points og Ekstra Points,,,Meget godt,Rigtig mange
9/7/2024 16:29:43,27,10,Kun ekstra points,,Rigtig mange,,
9/7/2024 16:29:44,10,12,Points og Ekstra Points,,,Meget godt,Rigtig mange
9/7/2024 16:29:47,18,26,Points og Ekstra Points,,,Meget godt,Rigtig mange
9/7/2024 16:29:48,2,26,Points og Ekstra Points,,,Meget godt,mange
9/7/2024 16:29:54,4,15,Points og Ekstra Points,,,Meget godt,Rigtig mange
9/7/2024 16:29:59,17,7,Points og Ekstra Points,,,Meget godt,Rigtig mange
9/7/2024 16:30:04,19,23,Points og Ekstra Points,,,Meget godt,Rigtig mange
9/7/2024 16:30:05,27,14,Points og Ekstra Points,,,Meget godt,Rigtig mange
9/7/2024 16:30:07,6,21,Points og Ekstra Points,,,Meget godt,Rigtig mange
9/7/2024 16:30:12,13,21,Kun points (hovedeopgave),ok,,,
9/7/2024 16:30:17,24,24,Points og Ekstra Points,,,Meget godt,Rigtig mange
9/7/2024 16:30:18,7,8,Points og Ekstra Points,,,godt,mange
9/7/2024 16:30:18,2,23,Points og Ekstra Points,,,Meget godt,Rigtig mange
9/7/2024 16:30:24,1,1,Points og Ekstra Points,,,Meget godt,Rigtig mange
9/7/2024 16:30:28,10,13,Points og Ekstra Points,,,Meget godt,Rigtig mange
9/7/2024 16:30:29,5,6,Points og Ekstra Points,,,Meget godt,Rigtig mange
9/7/2024 16:30:34,9,9,Points og Ekstra Points,,,godt,en sjat
9/7/2024 16:30:35,7,9,Points og Ekstra Points,,,godt,mange
9/7/2024 16:30:38,27,22,Points og Ekstra Points,,,Meget godt,Rigtig mange
9/7/2024 16:30:41,19,24,Points og Ekstra Points,,,Meget godt,Rigtig mange
9/7/2024 16:30:41,10,14,Points og Ekstra Points,,,Meget godt,Rigtig mange
9/7/2024 16:30:50,40,18,Points og Ekstra Points,,,godt,en god maengde
9/7/2024 16:30:54,10,15,Points og Ekstra Points,,,Meget godt,Rigtig mange
9/7/2024 16:30:54,3,27,Points og Ekstra Points,,,godt,mange
9/7/2024 16:30:57,6,1,Points og Ekstra Points,,,godt,Rigtig mange
9/7/2024 16:31:01,7,10,Kun points (hovedeopgave),Godt,,,
9/7/2024 16:31:05,2,30,Points og Ekstra Points,,,Meget godt,Rigtig mange
9/7/2024 16:31:12,10,16,Points og Ekstra Points,,,Meget godt,Rigtig mange
9/7/2024 16:31:20,7,26,Points og Ekstra Points,,,godt,mange
9/7/2024 16:31:21,19,26,Points og Ekstra Points,,,Meget godt,Rigtig mange
9/7/2024 16:31:24,27,11,Points og Ekstra Points,,,godt,Rigtig mange
9/7/2024 16:31:25,1,2,Points og Ekstra Points,,,ok,en sjat
9/7/2024 16:31:27,1,30,Points og Ekstra Points,,,ok,en god maengde
9/7/2024 16:31:29,3,23,Points og Ekstra Points,,,Meget godt,en god maengde
9/7/2024 16:31:34,24,3,Points og Ekstra Points,,,Meget godt,Rigtig mange
9/7/2024 16:31:39,40,12,Points og Ekstra Points,,,ok,en god maengde
9/7/2024 16:31:41,10,17,Kun points (hovedeopgave),Meget godt,,,
9/7/2024 16:31:42,1,3,Points og Ekstra Points,,,godt,en god maengde
9/7/2024 16:31:45,1,29,Points og Ekstra Points,,,meh,en sjat
9/7/2024 16:31:46,7,13,Points og Ekstra Points,,,godt,mange
9/7/2024 16:31:53,3,10,Points og Ekstra Points,,,Meget godt,Rigtig mange
9/7/2024 16:31:59,24,22,Points og Ekstra Points,,,Meget godt,Rigtig mange
9/7/2024 16:32:01,4,23,Points og Ekstra Points,,,Meget godt,Rigtig mange
9/7/2024 16:32:02,1,28,Points og Ekstra Points,,,ok,en sjat
9/7/2024 16:32:03,27,24,Kun ekstra points,,Rigtig mange,,
9/7/2024 16:32:04,2,1,Kun points (hovedeopgave),Meget godt,,,
9/7/2024 16:32:04,10,20,Points og Ekstra Points,,,Meget godt,Rigtig mange
9/7/2024 16:32:05,1,4,Points og Ekstra Points,,,ok,mange
9/7/2024 16:32:06,19,27,Points og Ekstra Points,,,Meget godt,Rigtig mange
9/7/2024 16:32:08,3,26,Points og Ekstra Points,,,Meget godt,Rigtig mange
9/7/2024 16:32:14,40,21,Kun points (hovedeopgave),ok,,,
9/7/2024 16:32:17,18,27,Points og Ekstra Points,,,godt,Rigtig mange
9/7/2024 16:32:19,7,18,Points og Ekstra Points,,,Meget godt,Rigtig mange
9/7/2024 16:32:22,1,27,Points og Ekstra Points,,,ok,en sjat
9/7/2024 16:32:23,1,5,Kun points (hovedeopgave),Meget godt,,,
9/7/2024 16:32:24,3,15,Points og Ekstra Points,,,Meget godt,Rigtig mange
9/7/2024 16:32:27,10,21,Points og Ekstra Points,,,Meget godt,Rigtig mange
9/7/2024 16:32:29,24,11,Points og Ekstra Points,,,Meget godt,Rigtig mange
9/7/2024 16:32:38,7,21,Points og Ekstra Points,,,godt,mange
9/7/2024 16:32:42,19,29,Points og Ekstra Points,,,Meget godt,mange
9/7/2024 16:32:45,37,8,Points og Ekstra Points,,,Meget godt,Rigtig mange
9/7/2024 16:32:46,1,6,Points og Ekstra Points,,,Meget godt,en god maengde
9/7/2024 16:32:48,1,26,Points og Ekstra Points,,,meh,en sjat
9/7/2024 16:32:52,10,23,Points og Ekstra Points,,,Meget godt,en god maengde
9/7/2024 16:32:54,40,17,Points og Ekstra Points,,,godt,en god maengde
9/7/2024 16:33:06,10,24,Points og Ekstra Points,,,Meget godt,Rigtig mange
9/7/2024 16:33:07,3,5,Points og Ekstra Points,,,Meget godt,Rigtig mange
9/7/2024 16:33:10,37,10,Points og Ekstra Points,,,Meget godt,Rigtig mange
9/7/2024 16:33:14,1,25,Points og Ekstra Points,,,ok,en sjat
9/7/2024 16:33:23,1,8,Points og Ekstra Points,,,godt,mange
9/7/2024 16:33:31,1,24,Points og Ekstra Points,,,meh,en sjat
9/7/2024 16:33:32,10,27,Points og Ekstra Points,,,Meget godt,Rigtig mange
9/7/2024 16:33:35,24,13,Points og Ekstra Points,,,Meget godt,Rigtig mange
9/7/2024 16:33:37,13,11,Points og Ekstra Points,,,godt,mange
9/7/2024 16:33:38,1,9,Points og Ekstra Points,,,ok,Rigtig mange
9/7/2024 16:33:41,7,22,Points og Ekstra Points,,,godt,Rigtig mange
9/7/2024 16:33:43,9,24,Points og Ekstra Points,,,ok,en sjat
9/7/2024 16:33:51,1,10,Points og Ekstra Points,,,meh,en sjat
9/7/2024 16:33:52,1,23,Points og Ekstra Points,,,ok,lidt
9/7/2024 16:33:54,28,23,Points og Ekstra Points,,,Meget godt,Rigtig mange
9/7/2024 16:33:55,12,25,Points og Ekstra Points,,,Meget godt,Rigtig mange
9/7/2024 16:34:00,10,29,Points og Ekstra Points,,,Meget godt,Rigtig mange
9/7/2024 16:34:02,7,23,Points og Ekstra Points,,,godt,en god maengde
9/7/2024 16:34:07,1,22,Points og Ekstra Points,,,meh,en god maengde
9/7/2024 16:34:19,10,30,Points og Ekstra Points,,,Meget godt,Rigtig mange
9/7/2024 16:34:23,37,11,Points og Ekstra Points,,,Meget godt,Rigtig mange
9/7/2024 16:34:35,1,21,Points og Ekstra Points,,,ok,lidt
9/7/2024 16:34:36,1,11,Points og Ekstra Points,,,godt,en god maengde
9/7/2024 16:34:36,41,1,Points og Ekstra Points,,,Meget godt,Rigtig mange
9/7/2024 16:34:39,37,13,Points og Ekstra Points,,,Meget godt,Rigtig mange
9/7/2024 16:34:40,38,1,Kun points (hovedeopgave),Godt,,,
9/7/2024 16:34:41,29,21,Points og Ekstra Points,,,godt,mange
9/7/2024 16:34:41,7,25,Points og Ekstra Points,,,godt,mange
9/7/2024 16:34:54,37,15,Points og Ekstra Points,,,Meget godt,Rigtig mange
9/7/2024 16:35:01,41,2,Points og Ekstra Points,,,Meget godt,Rigtig mange
9/7/2024 16:35:09,29,4,Kun points (hovedeopgave),Godt,,,
9/7/2024 16:35:09,38,2,Points og Ekstra Points,,,Meget godt,Rigtig mange
9/7/2024 16:35:12,37,17,Points og Ekstra Points,,,Meget godt,Rigtig mange
9/7/2024 16:35:15,1,20,Points og Ekstra Points,,,ok,en sjat
9/7/2024 16:35:16,26,23,Points og Ekstra Points,,,godt,mange
9/7/2024 16:35:25,7,27,Points og Ekstra Points,,,godt,en god maengde
9/7/2024 16:35:28,1,12,Points og Ekstra Points,,,ok,lidt
9/7/2024 16:35:32,37,19,Points og Ekstra Points,,,Meget godt,Rigtig mange
9/7/2024 16:35:38,41,3,Kun points (hovedeopgave),ok,,,
9/7/2024 16:35:39,1,19,Points og Ekstra Points,,,ok,en sjat
9/7/2024 16:35:42,38,3,Kun points (hovedeopgave),ok,,,
9/7/2024 16:35:53,42,10,Points og Ekstra Points,,,Meget godt,Rigtig mange
9/7/2024 16:35:54,1,12,Points og Ekstra Points,,,godt,mange
9/7/2024 16:35:57,37,21,Points og Ekstra Points,,,Meget godt,Rigtig mange
9/7/2024 16:36:04,7,29,Points og Ekstra Points,,,ok,mange
9/7/2024 16:36:04,38,4,Points og Ekstra Points,,,Meget godt,Rigtig mange
9/7/2024 16:36:09,29,26,Points og Ekstra Points,,,godt,mange
9/7/2024 16:36:11,41,4,Points og Ekstra Points,,,Meget godt,Rigtig mange
9/7/2024 16:36:11,42,25,Points og Ekstra Points,,,godt,mange
9/7/2024 16:36:19,37,22,Points og Ekstra Points,,,Meget godt,Rigtig mange
9/7/2024 16:36:28,42,4,Points og Ekstra Points,,,Meget godt,en god maengde
9/7/2024 16:36:32,38,5,Points og Ekstra Points,,,ok,en sjat
9/7/2024 16:36:40,37,23,Points og Ekstra Points,,,Meget godt,Rigtig mange
9/7/2024 16:36:41,1,13,Points og Ekstra Points,,,meh,mange
9/7/2024 16:36:46,7,14,Kun points (hovedeopgave),Godt,,,
9/7/2024 16:37:05,7,15,Points og Ekstra Points,,,godt,mange
9/7/2024 16:37:07,37,24,Points og Ekstra Points,,,Meget godt,Rigtig mange
9/7/2024 16:37:07,38,6,Points og Ekstra Points,,,Meget godt,Rigtig mange
9/7/2024 16:37:07,42,5,Points og Ekstra Points,,,Meget godt,Rigtig mange
9/7/2024 16:37:11,12,17,Points og Ekstra Points,,,godt,lidt
9/7/2024 16:37:13,40,30,Kun points (hovedeopgave),Godt,,,
9/7/2024 16:37:14,41,5,Points og Ekstra Points,,,Meget godt,Rigtig mange
9/7/2024 16:37:24,1,14,Points og Ekstra Points,,,ok,mange
9/7/2024 16:37:32,37,28,Points og Ekstra Points,,,Meget godt,Rigtig mange
9/7/2024 16:37:36,12,23,Kun points (hovedeopgave),Godt,,,
9/7/2024 16:37:40,1,15,Kun points (hovedeopgave),Godt,,,
9/7/2024 16:37:43,37,26,Points og Ekstra Points,,,Meget godt,Rigtig mange
9/7/2024 16:37:44,39,25,Points og Ekstra Points,,,Meget godt,Rigtig mange
9/7/2024 16:37:45,38,7,Points og Ekstra Points,,,Meget godt,mange
9/7/2024 16:37:50,37,30,Points og Ekstra Points,,,Meget godt,Rigtig mange
9/7/2024 16:38:00,1,16,Points og Ekstra Points,,,Meget godt,mange
9/7/2024 16:38:01,40,25,Points og Ekstra Points,,,godt,mange
9/7/2024 16:38:02,38,8,Points og Ekstra Points,,,godt,Rigtig mange
9/7/2024 16:38:04,37,29,Points og Ekstra Points,,,Meget godt,Rigtig mange
9/7/2024 16:38:05,41,6,Points og Ekstra Points,,,Meget godt,Rigtig mange
9/7/2024 16:38:25,39,13,Points og Ekstra Points,,,Meget godt,Rigtig mange
9/7/2024 16:38:30,41,7,Points og Ekstra Points,,,Meget godt,en sjat
9/7/2024 16:38:33,1,17,Points og Ekstra Points,,,godt,lidt
9/7/2024 16:38:35,13,6,Points og Ekstra Points,,,Meget godt,Rigtig mange
9/7/2024 16:38:45,38,9,Points og Ekstra Points,,,godt,Rigtig mange
9/7/2024 16:38:45,26,17,Points og Ekstra Points,,,godt,en god maengde
9/7/2024 16:38:46,1,18,Kun points (hovedeopgave),Godt,,,
9/7/2024 16:39:13,39,18,Points og Ekstra Points,,,Meget godt,Rigtig mange
9/7/2024 16:39:14,38,10,Points og Ekstra Points,,,godt,mange
9/7/2024 16:39:43,38,12,Kun points (hovedeopgave),Meget godt,,,
9/7/2024 16:40:02,38,28,Points og Ekstra Points,,,Meget godt,Rigtig mange
9/7/2024 16:40:27,38,30,Points og Ekstra Points,,,Meget godt,Rigtig mange
9/7/2024 16:40:45,38,26,Points og Ekstra Points,,,Meget godt,Rigtig mange
9/7/2024 16:41:07,38,22,Points og Ekstra Points,,,Meget godt,Rigtig mange
9/7/2024 16:41:56,38,23,Points og Ekstra Points,,,Meget godt,Rigtig mange
9/7/2024 16:42:22,38,18,Points og Ekstra Points,,,Meget godt,Rigtig mange
9/7/2024 16:43:11,38,11,Kun points (hovedeopgave),ok,,,
9/7/2024 16:43:35,38,13,Kun points (hovedeopgave),Meget godt,,,
9/7/2024 16:43:48,38,14,Points og Ekstra Points,,,Meget godt,mange
9/7/2024 16:44:04,38,15,Kun points (hovedeopgave),Meget godt,,,
9/7/2024 16:44:34,38,16,Points og Ekstra Points,,,Meget godt,Rigtig mange
9/7/2024 16:44:59,38,17,Kun points (hovedeopgave),Meget godt,,,
9/7/2024 16:45:13,38,18,Points og Ekstra Points,,,ok,en god maengde
9/7/2024 16:45:40,38,20,Points og Ekstra Points,,,godt,Rigtig mange
9/7/2024 16:45:55,38,21,Points og Ekstra Points,,,Meget godt,Rigtig mange
9/7/2024 16:46:21,38,24,Points og Ekstra Points,,,Meget godt,mange
9/7/2024 16:46:30,28,21,Points og Ekstra Points,,,Meget godt,Rigtig mange
9/7/2024 16:46:39,38,25,Kun points (hovedeopgave),Meget godt,,,
9/7/2024 16:47:03,38,27,Points og Ekstra Points,,,Meget godt,Rigtig mange
9/7/2024 16:47:29,38,29,Points og Ekstra Points,,,Meget godt,Rigtig mange